Changes made at Sat Aug  9 05:58:18 UTC 2025
Changes made at Thu Nov 20 14:24:17 UTC 2025
Changes made at Thu Nov 20 16:11:31 UTC 2025
Changes made at Fri Nov 21 08:13:50 UTC 2025
Changes made at Fri Nov 21 10:10:06 UTC 2025
Changes made at Fri Nov 21 14:09:22 UTC 2025
Changes made at Fri Nov 21 16:11:03 UTC 2025
Changes made at Sat Nov 22 08:11:37 UTC 2025
Changes made at Sat Nov 22 10:08:35 UTC 2025
Changes made at Sat Nov 22 14:07:21 UTC 2025
Changes made at Sat Nov 22 16:09:52 UTC 2025
Changes made at Sun Nov 23 08:11:36 UTC 2025
Changes made at Sun Nov 23 10:08:47 UTC 2025
Changes made at Sun Nov 23 14:07:20 UTC 2025
Changes made at Sun Nov 23 16:09:44 UTC 2025
Changes made at Mon Nov 24 08:14:34 UTC 2025
Changes made at Mon Nov 24 10:11:20 UTC 2025
Changes made at Mon Nov 24 14:10:09 UTC 2025
Changes made at Mon Nov 24 16:10:09 UTC 2025
